loss,t,weight_mean,target_norm,pred_norm,mask_latent_ratio,boundary_latent_ratio,affected_outside_latent_ratio,near_outside_latent_ratio,grad_norm,grad_max_abs,grad_tensors,worker,recipe,recipe_family,step,lr,scope,sample_id,finite,mask_weight,boundary_weight,affected_weight,outside_weight,far_outside_weight,hard_noise_schedule
1.0310389995574951,0.19,0.34306666254997253,800.0230102539062,850.2124633789062,0.12045898288488388,0.07973632961511612,0.25458985567092896,0.04160156473517418,18.541429902108067,1.9453125,461,gpu1_cd,SFTmC_S0_lr3em05,SFT-C,1,3e-05,S0,BLENDER_BEACH030_00003,True,0.75,1.5,0.75,0.2,0.03,False
0.16563880443572998,0.29,0.08833415806293488,863.6253051757812,821.1318359375,0.03896484524011612,0.03666992112994194,0.0042480467818677425,0.01933593861758709,1.845242065282502,0.111328125,461,gpu1_cd,SFTmC_S0_lr3em05,SFT-C,2,3e-05,S0,BLENDER_BEACH036_00001,True,0.75,1.5,0.75,0.2,0.03,False
0.07766660302877426,0.39,0.15170840919017792,718.5333862304688,664.4046020507812,0.09995117038488388,0.06069336086511612,0.01860351674258709,0.03188476711511612,0.6821856262092411,0.06201171875,461,gpu1_cd,SFTmC_S0_lr3em05,SFT-C,3,3e-05,S0,BLENDER_BEDROOM009_00083,True,0.75,1.5,0.75,0.2,0.03,False
0.2794579863548279,0.49,0.14158645272254944,806.4203491210938,775.7484130859375,0.041259765625,0.04018554836511612,0.07646484673023224,0.02143554762005806,3.4586098009650033,0.2216796875,461,gpu1_cd,SFTmC_S0_lr3em05,SFT-C,4,3e-05,S0,BLENDER_CARTOON002_00001,True,0.75,1.5,0.75,0.2,0.03,False
0.09095722436904907,0.59,0.14001858234405518,680.5733032226562,644.4950561523438,0.03110351599752903,0.080322265625,0.04638671875,0.05117187649011612,0.868898396654039,0.0419921875,461,gpu1_cd,SFTmC_S0_lr3em05,SFT-C,5,3e-05,S0,BLENDER_DESERT004_00001,True,0.75,1.5,0.75,0.2,0.03,False
0.19640156626701355,0.19,0.03870681673288345,870.5834350585938,806.9179077148438,0.0023925781715661287,0.006884765811264515,0.0009765625,0.0044921874068677425,2.4442247128325825,0.1611328125,461,gpu1_cd,SFTmC_S0_lr3em05,SFT-C,6,3e-05,S0,BLENDER_DESERT005_00006,True,0.75,1.5,0.75,0.2,0.03,False
0.1920841932296753,0.29,0.11328943073749542,699.4227294921875,634.1036987304688,0.0146484375,0.01958007924258709,0.08598633110523224,0.010986328125,1.2339300428288298,0.059814453125,461,gpu1_cd,SFTmC_S0_lr3em05,SFT-C,7,3e-05,S0,BLENDER_FOREST006_00001,True,0.75,1.5,0.75,0.2,0.03,False
0.17293815314769745,0.39,0.35167810320854187,681.5193481445312,653.1815185546875,0.2916503846645355,0.07998047024011612,0.093017578125,0.04038086161017418,0.6950076097788206,0.115234375,461,gpu1_cd,SFTmC_S0_lr3em05,SFT-C,8,3e-05,S0,BLENDER_FOREST007_00001,True,0.75,1.5,0.75,0.2,0.03,False
0.0948076918721199,0.49,0.24066586792469025,726.6250610351562,698.2172241210938,0.05375976487994194,0.03696289286017418,0.209228515625,0.01953125,0.8855449170810814,0.044677734375,461,gpu1_cd,SFTmC_S0_lr3em05,SFT-C,9,3e-05,S0,BLENDER_FOREST008_00001,True,0.75,1.5,0.75,0.2,0.03,False
0.08222556859254837,0.59,0.06560196727514267,765.300048828125,750.2699584960938,0.01699218712747097,0.02280273474752903,0.009423828683793545,0.012744140811264515,0.7158472602898037,0.04591597616672516,461,gpu1_cd,SFTmC_S0_lr3em05,SFT-C,10,3e-05,S0,BLENDER_FOREST009_00013,True,0.75,1.5,0.75,0.2,0.03,False
0.2504281997680664,0.19,0.5115446448326111,738.1221313476562,701.4353637695312,0.154296875,0.07968749850988388,0.47099611163139343,0.04096679762005806,1.5188000940158506,0.08785790205001831,461,gpu1_cd,SFTmC_S0_lr3em05,SFT-C,11,3e-05,S0,BLENDER_FOREST010_00004,True,0.75,1.5,0.75,0.2,0.03,False
0.13443498313426971,0.29,0.1692027598619461,725.0988159179688,703.175537109375,0.08872070163488388,0.085693359375,0.02045898512005806,0.04550781473517418,0.876749456109799,0.05908203125,461,gpu1_cd,SFTmC_S0_lr3em05,SFT-C,12,3e-05,S0,BLENDER_FOREST013_00008,True,0.75,1.5,0.75,0.2,0.03,False
0.11742009222507477,0.39,0.11786724627017975,704.9984130859375,683.6259765625,0.05649414286017418,0.04404297098517418,0.02802734449505806,0.02294921875,0.6476535418082793,0.08544921875,461,gpu1_cd,SFTmC_S0_lr3em05,SFT-C,13,3e-05,S0,BLENDER_FOREST015_00001,True,0.75,1.5,0.75,0.2,0.03,False
0.1540883481502533,0.49,0.17938649654388428,702.0516357421875,686.9475708007812,0.06357421725988388,0.03061523474752903,0.116455078125,0.015869140625,1.1581811850286974,0.07763671875,461,gpu1_cd,SFTmC_S0_lr3em05,SFT-C,14,3e-05,S0,BLENDER_FOREST016_00001,True,0.75,1.5,0.75,0.2,0.03,False
0.05428590252995491,0.59,0.08295797556638718,666.33984375,633.4404296875,0.00815429724752903,0.009765625,0.05644531175494194,0.00537109375,0.7256168273135295,0.08154296875,461,gpu1_cd,SFTmC_S0_lr3em05,SFT-C,15,3e-05,S0,BLENDER_FOREST017_00001,True,0.75,1.5,0.75,0.2,0.03,False
0.18431153893470764,0.19,0.05919048935174942,655.6986083984375,574.66162109375,0.0205078125,0.0166015625,0.0030761719681322575,0.0087890625,1.4263340671559606,0.13671875,461,gpu1_cd,SFTmC_S0_lr3em05,SFT-C,16,3e-05,S0,BLENDER_FOREST018_00001,True,0.75,1.5,0.75,0.2,0.03,False
0.1137307807803154,0.29,0.14430031180381775,669.7320556640625,625.4703979492188,0.014892578125,0.016357421875,0.13276366889476776,0.0087890625,1.0222256677941397,0.10693359375,461,gpu1_cd,SFTmC_S0_lr3em05,SFT-C,17,3e-05,S0,BLENDER_FOREST019_00001,True,0.75,1.5,0.75,0.2,0.03,False
0.10185021162033081,0.39,0.1673293262720108,702.2549438476562,672.8948974609375,0.06708984822034836,0.08544921875,0.03818359598517418,0.04633789137005806,0.5818053082142849,0.087890625,461,gpu1_cd,SFTmC_S0_lr3em05,SFT-C,18,3e-05,S0,BLENDER_FOREST021_00002,True,0.75,1.5,0.75,0.2,0.03,False
0.09031509608030319,0.49,0.06622745841741562,695.23583984375,669.5239868164062,0.013085938058793545,0.02353515662252903,0.01206054724752903,0.013671875,0.783796353335679,0.0625,461,gpu1_cd,SFTmC_S0_lr3em05,SFT-C,19,3e-05,S0,BLENDER_FOREST022_00001,True,0.75,1.5,0.75,0.2,0.03,False
0.06459919363260269,0.59,0.18893980979919434,743.3309936523438,735.1298217773438,0.08554687350988388,0.116943359375,0.011279297061264515,0.06357421725988388,0.3793076184439394,0.01544189453125,461,gpu1_cd,SFTmC_S0_lr3em05,SFT-C,20,3e-05,S0,BLENDER_FOREST023_00001,True,0.75,1.5,0.75,0.2,0.03,False
0.20660412311553955,0.19,0.21698375046253204,741.45556640625,691.7655639648438,0.1826171875,0.07148437947034836,0.0031250000465661287,0.03632812574505806,0.8286153705549599,0.11083984375,461,gpu1_cd,SFTmC_S0_lr3em05,SFT-C,21,3e-05,S0,BLENDER_FOREST024_00001,True,0.75,1.5,0.75,0.2,0.03,False
0.1532697081565857,0.29,0.14101696014404297,765.929931640625,749.055419921875,0.03076171875,0.0625,0.06425781548023224,0.03173828125,1.203400988848218,0.0966796875,461,gpu1_cd,SFTmC_S0_lr3em05,SFT-C,22,3e-05,S0,BLENDER_FOREST025_00001,True,0.75,1.5,0.75,0.2,0.03,False
0.07277888804674149,0.39,0.059028055518865585,692.7142333984375,680.4539794921875,0.00815429724752903,0.02163085900247097,0.0064453124068677425,0.013916015625,0.8021312226162159,0.083984375,461,gpu1_cd,SFTmC_S0_lr3em05,SFT-C,23,3e-05,S0,BLENDER_FOREST026_00020,True,0.75,1.5,0.75,0.2,0.03,False
0.05044626072049141,0.49,0.07515567541122437,725.537841796875,720.5689086914062,0.00927734375,0.03461914137005806,0.0030761719681322575,0.02534179762005806,0.6624338839512973,0.0291748046875,461,gpu1_cd,SFTmC_S0_lr3em05,SFT-C,24,3e-05,S0,BLENDER_FOREST028_00001,True,0.75,1.5,0.75,0.2,0.03,False
0.08920858055353165,0.59,0.09705115854740143,744.7338256835938,743.0098266601562,0.036376953125,0.04135742411017418,0.01787109486758709,0.02163085900247097,0.6013805305336849,0.0262451171875,461,gpu1_cd,SFTmC_S0_lr3em05,SFT-C,25,3e-05,S0,BLENDER_FOREST029_00001,True,0.75,1.5,0.75,0.2,0.03,False
0.1801232248544693,0.19,0.43636542558670044,782.7974853515625,749.6546020507812,0.34038087725639343,0.13911132514476776,0.10986328125,0.06728515774011612,1.1161948955593874,0.046630859375,461,gpu1_cd,SFTmC_S0_lr3em05,SFT-C,26,3e-05,S0,BLENDER_FOREST030_00001,True,0.75,1.5,0.75,0.2,0.03,False
0.16875198483467102,0.29,0.12983465194702148,689.1769409179688,678.8845825195312,0.04399413987994194,0.04990234598517418,0.04951171949505806,0.02695312537252903,1.1948852000133061,0.08154296875,461,gpu1_cd,SFTmC_S0_lr3em05,SFT-C,27,3e-05,S0,BLENDER_FOREST034_00001,True,0.75,1.5,0.75,0.2,0.03,False
0.05276760831475258,0.39,0.0501411072909832,669.0390014648438,653.7150268554688,0.0038574219215661287,0.01450195349752903,0.0044921874068677425,0.010644531808793545,0.5503964968308619,0.038818359375,461,gpu1_cd,SFTmC_S0_lr3em05,SFT-C,28,3e-05,S0,BLENDER_FOREST049_00001,True,0.75,1.5,0.75,0.2,0.03,False
0.03733894228935242,0.49,0.03894996643066406,768.75146484375,760.3097534179688,0.001708984375,0.006103515625,0.002197265625,0.00439453125,0.6479623341259878,0.039646685123443604,461,gpu1_cd,SFTmC_S0_lr3em05,SFT-C,29,3e-05,S0,BLENDER_GRASS001_00001,True,0.75,1.5,0.75,0.2,0.03,False
0.044335946440696716,0.59,0.22411690652370453,743.68896484375,746.3995971679688,0.11728515475988388,0.049072265625,0.11044921725988388,0.02568359486758709,0.4050853473561507,0.0201416015625,461,gpu1_cd,SFTmC_S0_lr3em05,SFT-C,30,3e-05,S0,BLENDER_GRASS002_00001,True,0.75,1.5,0.75,0.2,0.03,False
1.0310389995574951,0.19,0.34306666254997253,800.0230102539062,850.2124633789062,0.12045898288488388,0.07973632961511612,0.25458985567092896,0.04160156473517418,18.54472418804112,1.9453125,461,gpu1_cd,SFTmC_S0_lr0.0001,SFT-C,1,0.0001,S0,BLENDER_BEACH030_00003,True,0.75,1.5,0.75,0.2,0.03,False
0.21485570073127747,0.29,0.08833415806293488,863.6253051757812,764.1697998046875,0.03896484524011612,0.03666992112994194,0.0042480467818677425,0.01933593861758709,2.254536092332088,0.2314453125,461,gpu1_cd,SFTmC_S0_lr0.0001,SFT-C,2,0.0001,S0,BLENDER_BEACH036_00001,True,0.75,1.5,0.75,0.2,0.03,False
0.378494530916214,0.39,0.15170840919017792,718.5333862304688,627.420654296875,0.09995117038488388,0.06069336086511612,0.01860351674258709,0.03188476711511612,8.554922819860584,0.77734375,461,gpu1_cd,SFTmC_S0_lr0.0001,SFT-C,3,0.0001,S0,BLENDER_BEDROOM009_00083,True,0.75,1.5,0.75,0.2,0.03,False
0.23023076355457306,0.49,0.14158645272254944,806.4203491210938,778.230224609375,0.041259765625,0.04018554836511612,0.07646484673023224,0.02143554762005806,1.5719576958993988,0.16634291410446167,461,gpu1_cd,SFTmC_S0_lr0.0001,SFT-C,4,0.0001,S0,BLENDER_CARTOON002_00001,True,0.75,1.5,0.75,0.2,0.03,False
0.12292546033859253,0.59,0.14001858234405518,680.5733032226562,628.4133911132812,0.03110351599752903,0.080322265625,0.04638671875,0.05117187649011612,1.6767157979371745,0.1513671875,461,gpu1_cd,SFTmC_S0_lr0.0001,SFT-C,5,0.0001,S0,BLENDER_DESERT004_00001,True,0.75,1.5,0.75,0.2,0.03,False
0.41584619879722595,0.19,0.03870681673288345,870.5834350585938,734.973876953125,0.0023925781715661287,0.006884765811264515,0.0009765625,0.0044921874068677425,3.0695444219618357,0.30078125,461,gpu1_cd,SFTmC_S0_lr0.0001,SFT-C,6,0.0001,S0,BLENDER_DESERT005_00006,True,0.75,1.5,0.75,0.2,0.03,False
0.2218601405620575,0.29,0.11328943073749542,699.4227294921875,674.545654296875,0.0146484375,0.01958007924258709,0.08598633110523224,0.010986328125,1.1095785983535562,0.07177734375,461,gpu1_cd,SFTmC_S0_lr0.0001,SFT-C,7,0.0001,S0,BLENDER_FOREST006_00001,True,0.75,1.5,0.75,0.2,0.03,False
0.22386516630649567,0.39,0.35167810320854187,681.5193481445312,618.1028442382812,0.2916503846645355,0.07998047024011612,0.093017578125,0.04038086161017418,1.24745353049115,0.10986328125,461,gpu1_cd,SFTmC_S0_lr0.0001,SFT-C,8,0.0001,S0,BLENDER_FOREST007_00001,True,0.75,1.5,0.75,0.2,0.03,False
0.16667641699314117,0.49,0.24066586792469025,726.6250610351562,665.4302368164062,0.05375976487994194,0.03696289286017418,0.209228515625,0.01953125,1.0374325055255247,0.1337890625,461,gpu1_cd,SFTmC_S0_lr0.0001,SFT-C,9,0.0001,S0,BLENDER_FOREST008_00001,True,0.75,1.5,0.75,0.2,0.03,False
0.1388501524925232,0.59,0.06560196727514267,765.300048828125,804.3684692382812,0.01699218712747097,0.02280273474752903,0.009423828683793545,0.012744140811264515,2.912126410795443,0.2009730041027069,461,gpu1_cd,SFTmC_S0_lr0.0001,SFT-C,10,0.0001,S0,BLENDER_FOREST009_00013,True,0.75,1.5,0.75,0.2,0.03,False
0.37970858812332153,0.19,0.5115446448326111,738.1221313476562,690.5340576171875,0.154296875,0.07968749850988388,0.47099611163139343,0.04096679762005806,1.9460348497307358,0.1318359375,461,gpu1_cd,SFTmC_S0_lr0.0001,SFT-C,11,0.0001,S0,BLENDER_FOREST010_00004,True,0.75,1.5,0.75,0.2,0.03,False
0.2089540660381317,0.29,0.1692027598619461,725.0988159179688,650.6080322265625,0.08872070163488388,0.085693359375,0.02045898512005806,0.04550781473517418,1.1904650349491945,0.1416015625,461,gpu1_cd,SFTmC_S0_lr0.0001,SFT-C,12,0.0001,S0,BLENDER_FOREST013_00008,True,0.75,1.5,0.75,0.2,0.03,False
0.18515555560588837,0.39,0.11786724627017975,704.9984130859375,644.3672485351562,0.05649414286017418,0.04404297098517418,0.02802734449505806,0.02294921875,1.0059914869175481,0.107421875,461,gpu1_cd,SFTmC_S0_lr0.0001,SFT-C,13,0.0001,S0,BLENDER_FOREST015_00001,True,0.75,1.5,0.75,0.2,0.03,False
0.15581142902374268,0.49,0.17938649654388428,702.0516357421875,690.5785522460938,0.06357421725988388,0.03061523474752903,0.116455078125,0.015869140625,0.7962263374200883,0.08544921875,461,gpu1_cd,SFTmC_S0_lr0.0001,SFT-C,14,0.0001,S0,BLENDER_FOREST016_00001,True,0.75,1.5,0.75,0.2,0.03,False
0.12066709995269775,0.59,0.08295797556638718,666.33984375,638.1663208007812,0.00815429724752903,0.009765625,0.05644531175494194,0.00537109375,0.8173978156075165,0.051054492592811584,461,gpu1_cd,SFTmC_S0_lr0.0001,SFT-C,15,0.0001,S0,BLENDER_FOREST017_00001,True,0.75,1.5,0.75,0.2,0.03,False
0.28759098052978516,0.19,0.05919048935174942,655.6986083984375,552.6788330078125,0.0205078125,0.0166015625,0.0030761719681322575,0.0087890625,1.4680630767248253,0.189453125,461,gpu1_cd,SFTmC_S0_lr0.0001,SFT-C,16,0.0001,S0,BLENDER_FOREST018_00001,True,0.75,1.5,0.75,0.2,0.03,False
0.20083440840244293,0.29,0.14430031180381775,669.7320556640625,650.1214599609375,0.014892578125,0.016357421875,0.13276366889476776,0.0087890625,1.2947007204449799,0.1357421875,461,gpu1_cd,SFTmC_S0_lr0.0001,SFT-C,17,0.0001,S0,BLENDER_FOREST019_00001,True,0.75,1.5,0.75,0.2,0.03,False
0.14724402129650116,0.39,0.1673293262720108,702.2549438476562,678.4813232421875,0.06708984822034836,0.08544921875,0.03818359598517418,0.04633789137005806,0.6168019536162618,0.0788605660200119,461,gpu1_cd,SFTmC_S0_lr0.0001,SFT-C,18,0.0001,S0,BLENDER_FOREST021_00002,True,0.75,1.5,0.75,0.2,0.03,False
0.18961083889007568,0.49,0.06622745841741562,695.23583984375,662.2906494140625,0.013085938058793545,0.02353515662252903,0.01206054724752903,0.013671875,0.8591358536420585,0.06696346402168274,461,gpu1_cd,SFTmC_S0_lr0.0001,SFT-C,19,0.0001,S0,BLENDER_FOREST022_00001,True,0.75,1.5,0.75,0.2,0.03,False
0.09730212390422821,0.59,0.18893980979919434,743.3309936523438,721.0052490234375,0.08554687350988388,0.116943359375,0.011279297061264515,0.06357421725988388,0.7268229549689595,0.1162109375,461,gpu1_cd,SFTmC_S0_lr0.0001,SFT-C,20,0.0001,S0,BLENDER_FOREST023_00001,True,0.75,1.5,0.75,0.2,0.03,False
0.3438558280467987,0.19,0.21698375046253204,741.45556640625,640.555908203125,0.1826171875,0.07148437947034836,0.0031250000465661287,0.03632812574505806,1.7509283851824793,0.1884765625,461,gpu1_cd,SFTmC_S0_lr0.0001,SFT-C,21,0.0001,S0,BLENDER_FOREST024_00001,True,0.75,1.5,0.75,0.2,0.03,False
0.18582256138324738,0.29,0.14101696014404297,765.929931640625,744.1228637695312,0.03076171875,0.0625,0.06425781548023224,0.03173828125,0.9506889955593253,0.07763671875,461,gpu1_cd,SFTmC_S0_lr0.0001,SFT-C,22,0.0001,S0,BLENDER_FOREST025_00001,True,0.75,1.5,0.75,0.2,0.03,False
0.16308195888996124,0.39,0.059028055518865585,692.7142333984375,634.457275390625,0.00815429724752903,0.02163085900247097,0.0064453124068677425,0.013916015625,1.1674556130541345,0.10791015625,461,gpu1_cd,SFTmC_S0_lr0.0001,SFT-C,23,0.0001,S0,BLENDER_FOREST026_00020,True,0.75,1.5,0.75,0.2,0.03,False
0.10861040651798248,0.49,0.07515567541122437,725.537841796875,683.9890747070312,0.00927734375,0.03461914137005806,0.0030761719681322575,0.02534179762005806,1.0261480860232448,0.076171875,461,gpu1_cd,SFTmC_S0_lr0.0001,SFT-C,24,0.0001,S0,BLENDER_FOREST028_00001,True,0.75,1.5,0.75,0.2,0.03,False
0.1455725133419037,0.59,0.09705115854740143,744.7338256835938,712.0291748046875,0.036376953125,0.04135742411017418,0.01787109486758709,0.02163085900247097,0.9849419065056269,0.04828111082315445,461,gpu1_cd,SFTmC_S0_lr0.0001,SFT-C,25,0.0001,S0,BLENDER_FOREST029_00001,True,0.75,1.5,0.75,0.2,0.03,False
0.2679007947444916,0.19,0.43636542558670044,782.7974853515625,777.5296630859375,0.34038087725639343,0.13911132514476776,0.10986328125,0.06728515774011612,2.714909246423645,0.3515625,461,gpu1_cd,SFTmC_S0_lr0.0001,SFT-C,26,0.0001,S0,BLENDER_FOREST030_00001,True,0.75,1.5,0.75,0.2,0.03,False
0.2148345708847046,0.29,0.12983465194702148,689.1769409179688,688.5848999023438,0.04399413987994194,0.04990234598517418,0.04951171949505806,0.02695312537252903,1.1394355621001413,0.1689453125,461,gpu1_cd,SFTmC_S0_lr0.0001,SFT-C,27,0.0001,S0,BLENDER_FOREST034_00001,True,0.75,1.5,0.75,0.2,0.03,False
0.14152726531028748,0.39,0.0501411072909832,669.0390014648438,655.6831665039062,0.0038574219215661287,0.01450195349752903,0.0044921874068677425,0.010644531808793545,0.6633829809359206,0.07080078125,461,gpu1_cd,SFTmC_S0_lr0.0001,SFT-C,28,0.0001,S0,BLENDER_FOREST049_00001,True,0.75,1.5,0.75,0.2,0.03,False
0.10703147947788239,0.49,0.03894996643066406,768.75146484375,762.8018798828125,0.001708984375,0.006103515625,0.002197265625,0.00439453125,0.9294627381171161,0.09228515625,461,gpu1_cd,SFTmC_S0_lr0.0001,SFT-C,29,0.0001,S0,BLENDER_GRASS001_00001,True,0.75,1.5,0.75,0.2,0.03,False
0.07379863411188126,0.59,0.22411690652370453,743.68896484375,716.817138671875,0.11728515475988388,0.049072265625,0.11044921725988388,0.02568359486758709,0.6311215575565795,0.05006277561187744,461,gpu1_cd,SFTmC_S0_lr0.0001,SFT-C,30,0.0001,S0,BLENDER_GRASS002_00001,True,0.75,1.5,0.75,0.2,0.03,False
1.0310389995574951,0.19,0.34306666254997253,800.0230102539062,850.2124633789062,0.12045898288488388,0.07973632961511612,0.25458985567092896,0.04160156473517418,18.54226499157404,1.9453125,461,gpu1_cd,SFTmC_S0_lr0.0003,SFT-C,1,0.0003,S0,BLENDER_BEACH030_00003,True,0.75,1.5,0.75,0.2,0.03,False
0.40474551916122437,0.29,0.08833415806293488,863.6253051757812,796.8382568359375,0.03896484524011612,0.03666992112994194,0.0042480467818677425,0.01933593861758709,6.960961152833538,0.5014030337333679,461,gpu1_cd,SFTmC_S0_lr0.0003,SFT-C,2,0.0003,S0,BLENDER_BEACH036_00001,True,0.75,1.5,0.75,0.2,0.03,False
0.7356546521186829,0.39,0.15170840919017792,718.5333862304688,418.8108825683594,0.09995117038488388,0.06069336086511612,0.01860351674258709,0.03188476711511612,6.385682342495521,0.36328125,461,gpu1_cd,SFTmC_S0_lr0.0003,SFT-C,3,0.0003,S0,BLENDER_BEDROOM009_00083,True,0.75,1.5,0.75,0.2,0.03,False
0.7658839821815491,0.49,0.14158645272254944,806.4203491210938,685.488037109375,0.041259765625,0.04018554836511612,0.07646484673023224,0.02143554762005806,14.786423716890331,0.59765625,461,gpu1_cd,SFTmC_S0_lr0.0003,SFT-C,4,0.0003,S0,BLENDER_CARTOON002_00001,True,0.75,1.5,0.75,0.2,0.03,False
0.6253701448440552,0.59,0.14001858234405518,680.5733032226562,739.5429077148438,0.03110351599752903,0.080322265625,0.04638671875,0.05117187649011612,10.852458827503098,0.80078125,461,gpu1_cd,SFTmC_S0_lr0.0003,SFT-C,5,0.0003,S0,BLENDER_DESERT004_00001,True,0.75,1.5,0.75,0.2,0.03,False
0.9689310193061829,0.19,0.03870681673288345,870.5834350585938,691.1055297851562,0.0023925781715661287,0.006884765811264515,0.0009765625,0.0044921874068677425,3.9719485983637135,0.21484375,461,gpu1_cd,SFTmC_S0_lr0.0003,SFT-C,6,0.0003,S0,BLENDER_DESERT005_00006,True,0.75,1.5,0.75,0.2,0.03,False
0.754871666431427,0.29,0.11328943073749542,699.4227294921875,564.8201293945312,0.0146484375,0.01958007924258709,0.08598633110523224,0.010986328125,6.252049914161587,0.29296875,461,gpu1_cd,SFTmC_S0_lr0.0003,SFT-C,7,0.0003,S0,BLENDER_FOREST006_00001,True,0.75,1.5,0.75,0.2,0.03,False
0.9854394793510437,0.39,0.35167810320854187,681.5193481445312,612.8280029296875,0.2916503846645355,0.07998047024011612,0.093017578125,0.04038086161017418,12.408221521010658,0.7734375,461,gpu1_cd,SFTmC_S0_lr0.0003,SFT-C,8,0.0003,S0,BLENDER_FOREST007_00001,True,0.75,1.5,0.75,0.2,0.03,False
0.7678092122077942,0.49,0.24066586792469025,726.6250610351562,461.6205139160156,0.05375976487994194,0.03696289286017418,0.209228515625,0.01953125,4.052251926736449,0.287109375,461,gpu1_cd,SFTmC_S0_lr0.0003,SFT-C,9,0.0003,S0,BLENDER_FOREST008_00001,True,0.75,1.5,0.75,0.2,0.03,False
1.3044673204421997,0.59,0.06560196727514267,765.300048828125,418.0340270996094,0.01699218712747097,0.02280273474752903,0.009423828683793545,0.012744140811264515,7.505582792188897,0.78125,461,gpu1_cd,SFTmC_S0_lr0.0003,SFT-C,10,0.0003,S0,BLENDER_FOREST009_00013,True,0.75,1.5,0.75,0.2,0.03,False
1.1275829076766968,0.19,0.5115446448326111,738.1221313476562,548.1898803710938,0.154296875,0.07968749850988388,0.47099611163139343,0.04096679762005806,5.460222525582401,0.40234375,461,gpu1_cd,SFTmC_S0_lr0.0003,SFT-C,11,0.0003,S0,BLENDER_FOREST010_00004,True,0.75,1.5,0.75,0.2,0.03,False
1.1774649620056152,0.29,0.1692027598619461,725.0988159179688,463.80401611328125,0.08872070163488388,0.085693359375,0.02045898512005806,0.04550781473517418,11.494657390882418,0.6796875,461,gpu1_cd,SFTmC_S0_lr0.0003,SFT-C,12,0.0003,S0,BLENDER_FOREST013_00008,True,0.75,1.5,0.75,0.2,0.03,False
0.987726092338562,0.39,0.11786724627017975,704.9984130859375,285.401611328125,0.05649414286017418,0.04404297098517418,0.02802734449505806,0.02294921875,10.012603966779562,1.4910078048706055,461,gpu1_cd,SFTmC_S0_lr0.0003,SFT-C,13,0.0003,S0,BLENDER_FOREST015_00001,True,0.75,1.5,0.75,0.2,0.03,False
0.521282434463501,0.49,0.17938649654388428,702.0516357421875,424.3701171875,0.06357421725988388,0.03061523474752903,0.116455078125,0.015869140625,7.302022063954681,0.9618752598762512,461,gpu1_cd,SFTmC_S0_lr0.0003,SFT-C,14,0.0003,S0,BLENDER_FOREST016_00001,True,0.75,1.5,0.75,0.2,0.03,False
0.7349065542221069,0.59,0.08295797556638718,666.33984375,435.91845703125,0.00815429724752903,0.009765625,0.05644531175494194,0.00537109375,9.32672067689815,2.046875,461,gpu1_cd,SFTmC_S0_lr0.0003,SFT-C,15,0.0003,S0,BLENDER_FOREST017_00001,True,0.75,1.5,0.75,0.2,0.03,False
1.2479133605957031,0.19,0.05919048935174942,655.6986083984375,355.6346740722656,0.0205078125,0.0166015625,0.0030761719681322575,0.0087890625,7.004782664438417,0.66796875,461,gpu1_cd,SFTmC_S0_lr0.0003,SFT-C,16,0.0003,S0,BLENDER_FOREST018_00001,True,0.75,1.5,0.75,0.2,0.03,False
0.937713623046875,0.29,0.14430031180381775,669.7320556640625,329.0633850097656,0.014892578125,0.016357421875,0.13276366889476776,0.0087890625,3.245137407277701,0.6328125,461,gpu1_cd,SFTmC_S0_lr0.0003,SFT-C,17,0.0003,S0,BLENDER_FOREST019_00001,True,0.75,1.5,0.75,0.2,0.03,False
1.3654972314834595,0.39,0.1673293262720108,702.2549438476562,118.99800872802734,0.06708984822034836,0.08544921875,0.03818359598517418,0.04633789137005806,3.293780917189819,0.72265625,461,gpu1_cd,SFTmC_S0_lr0.0003,SFT-C,18,0.0003,S0,BLENDER_FOREST021_00002,True,0.75,1.5,0.75,0.2,0.03,False
1.136144995689392,0.49,0.06622745841741562,695.23583984375,187.22067260742188,0.013085938058793545,0.02353515662252903,0.01206054724752903,0.013671875,2.2758714617365614,0.515625,461,gpu1_cd,SFTmC_S0_lr0.0003,SFT-C,19,0.0003,S0,BLENDER_FOREST022_00001,True,0.75,1.5,0.75,0.2,0.03,False
1.2139408588409424,0.59,0.18893980979919434,743.3309936523438,239.7987060546875,0.08554687350988388,0.116943359375,0.011279297061264515,0.06357421725988388,4.618934586758912,1.09375,461,gpu1_cd,SFTmC_S0_lr0.0003,SFT-C,20,0.0003,S0,BLENDER_FOREST023_00001,True,0.75,1.5,0.75,0.2,0.03,False
1.5692778825759888,0.19,0.21698375046253204,741.45556640625,162.2086639404297,0.1826171875,0.07148437947034836,0.0031250000465661287,0.03632812574505806,3.401145933781759,0.7734375,461,gpu1_cd,SFTmC_S0_lr0.0003,SFT-C,21,0.0003,S0,BLENDER_FOREST024_00001,True,0.75,1.5,0.75,0.2,0.03,False
1.5111479759216309,0.29,0.14101696014404297,765.929931640625,548.846435546875,0.03076171875,0.0625,0.06425781548023224,0.03173828125,8.793812812805186,1.0625,461,gpu1_cd,SFTmC_S0_lr0.0003,SFT-C,22,0.0003,S0,BLENDER_FOREST025_00001,True,0.75,1.5,0.75,0.2,0.03,False
1.0122554302215576,0.39,0.059028055518865585,692.7142333984375,579.0780029296875,0.00815429724752903,0.02163085900247097,0.0064453124068677425,0.013916015625,6.383034291007931,0.79296875,461,gpu1_cd,SFTmC_S0_lr0.0003,SFT-C,23,0.0003,S0,BLENDER_FOREST026_00020,True,0.75,1.5,0.75,0.2,0.03,False
0.6195273995399475,0.49,0.07515567541122437,725.537841796875,420.3409423828125,0.00927734375,0.03461914137005806,0.0030761719681322575,0.02534179762005806,4.7408377458264015,0.478515625,461,gpu1_cd,SFTmC_S0_lr0.0003,SFT-C,24,0.0003,S0,BLENDER_FOREST028_00001,True,0.75,1.5,0.75,0.2,0.03,False
0.7298029661178589,0.59,0.09705115854740143,744.7338256835938,692.823974609375,0.036376953125,0.04135742411017418,0.01787109486758709,0.02163085900247097,6.014138303932415,0.7177373170852661,461,gpu1_cd,SFTmC_S0_lr0.0003,SFT-C,25,0.0003,S0,BLENDER_FOREST029_00001,True,0.75,1.5,0.75,0.2,0.03,False
1.1224185228347778,0.19,0.43636542558670044,782.7974853515625,418.6095886230469,0.34038087725639343,0.13911132514476776,0.10986328125,0.06728515774011612,3.3662928400137893,0.6328125,461,gpu1_cd,SFTmC_S0_lr0.0003,SFT-C,26,0.0003,S0,BLENDER_FOREST030_00001,True,0.75,1.5,0.75,0.2,0.03,False
1.3749914169311523,0.29,0.12983465194702148,689.1769409179688,80.8980484008789,0.04399413987994194,0.04990234598517418,0.04951171949505806,0.02695312537252903,2.6289523740762255,0.7890625,461,gpu1_cd,SFTmC_S0_lr0.0003,SFT-C,27,0.0003,S0,BLENDER_FOREST034_00001,True,0.75,1.5,0.75,0.2,0.03,False
1.3631521463394165,0.39,0.0501411072909832,669.0390014648438,77.09857940673828,0.0038574219215661287,0.01450195349752903,0.0044921874068677425,0.010644531808793545,2.8354443756385046,0.83203125,461,gpu1_cd,SFTmC_S0_lr0.0003,SFT-C,28,0.0003,S0,BLENDER_FOREST049_00001,True,0.75,1.5,0.75,0.2,0.03,False
1.836334228515625,0.49,0.03894996643066406,768.75146484375,78.52189636230469,0.001708984375,0.006103515625,0.002197265625,0.00439453125,2.985944293718774,0.87109375,461,gpu1_cd,SFTmC_S0_lr0.0003,SFT-C,29,0.0003,S0,BLENDER_GRASS001_00001,True,0.75,1.5,0.75,0.2,0.03,False
1.483190894126892,0.59,0.22411690652370453,743.68896484375,79.91053009033203,0.11728515475988388,0.049072265625,0.11044921725988388,0.02568359486758709,2.6381657687201425,0.87890625,461,gpu1_cd,SFTmC_S0_lr0.0003,SFT-C,30,0.0003,S0,BLENDER_GRASS002_00001,True,0.75,1.5,0.75,0.2,0.03,False
0.7434062957763672,0.23,0.36709001660346985,799.81640625,833.7598876953125,0.12045898288488388,0.07973632961511612,0.25458985567092896,0.04160156473517418,12.98758713184657,1.375,461,gpu1_cd,SFTmD_S0_lr3em05,SFT-D,1,3e-05,S0,BLENDER_BEACH030_00003,True,1.0,1.5,0.75,0.15,0.02,True
0.13473199307918549,0.37,0.08867459744215012,863.2672729492188,818.7744140625,0.03896484524011612,0.03666992112994194,0.0042480467818677425,0.01933593861758709,1.2170781664733803,0.0810546875,461,gpu1_cd,SFTmD_S0_lr3em05,SFT-D,2,3e-05,S0,BLENDER_BEACH036_00001,True,1.0,1.5,0.75,0.15,0.02,True
0.06304725259542465,0.51,0.16804568469524384,718.580322265625,671.412109375,0.09995117038488388,0.06069336086511612,0.01860351674258709,0.03188476711511612,0.649270647238337,0.05126953125,461,gpu1_cd,SFTmD_S0_lr3em05,SFT-D,3,3e-05,S0,BLENDER_BEDROOM009_00083,True,1.0,1.5,0.75,0.15,0.02,True
0.25818654894828796,0.67,0.14321909844875336,808.5224609375,778.0255737304688,0.041259765625,0.04018554836511612,0.07646484673023224,0.02143554762005806,2.1822559463815168,0.13101062178611755,461,gpu1_cd,SFTmD_S0_lr3em05,SFT-D,4,3e-05,S0,BLENDER_CARTOON002_00001,True,1.0,1.5,0.75,0.15,0.02,True
0.1914760023355484,0.23,0.13878028094768524,681.327392578125,597.3836669921875,0.03110351599752903,0.080322265625,0.04638671875,0.05117187649011612,1.1938425080715132,0.055908203125,461,gpu1_cd,SFTmD_S0_lr3em05,SFT-D,5,3e-05,S0,BLENDER_DESERT004_00001,True,1.0,1.5,0.75,0.15,0.02,True
0.10047410428524017,0.37,0.029368996620178223,871.3304443359375,845.5484619140625,0.0023925781715661287,0.006884765811264515,0.0009765625,0.0044921874068677425,1.8848558599039427,0.2138671875,461,gpu1_cd,SFTmD_S0_lr3em05,SFT-D,6,3e-05,S0,BLENDER_DESERT005_00006,True,1.0,1.5,0.75,0.15,0.02,True
0.16316725313663483,0.51,0.10798478126525879,700.9476318359375,658.590576171875,0.0146484375,0.01958007924258709,0.08598633110523224,0.010986328125,2.9996057739133053,0.14784693717956543,461,gpu1_cd,SFTmD_S0_lr3em05,SFT-D,7,3e-05,S0,BLENDER_FOREST006_00001,True,1.0,1.5,0.75,0.15,0.02,True
0.13161469995975494,0.67,0.41863176226615906,680.4530029296875,657.9974975585938,0.2916503846645355,0.07998047024011612,0.093017578125,0.04038086161017418,1.044279049309023,0.06982421875,461,gpu1_cd,SFTmD_S0_lr3em05,SFT-D,8,3e-05,S0,BLENDER_FOREST007_00001,True,1.0,1.5,0.75,0.15,0.02,True
0.1928827315568924,0.23,0.2468208521604538,727.412109375,677.5717163085938,0.05375976487994194,0.03696289286017418,0.209228515625,0.01953125,1.463775324157184,0.08837890625,461,gpu1_cd,SFTmD_S0_lr3em05,SFT-D,9,3e-05,S0,BLENDER_FOREST008_00001,True,1.0,1.5,0.75,0.15,0.02,True
0.12246064841747284,0.37,0.06020193174481392,764.0574951171875,747.4495239257812,0.01699218712747097,0.02280273474752903,0.009423828683793545,0.012744140811264515,1.089580417550516,0.10546875,461,gpu1_cd,SFTmD_S0_lr3em05,SFT-D,10,3e-05,S0,BLENDER_FOREST009_00013,True,1.0,1.5,0.75,0.15,0.02,True
0.10081174224615097,0.51,0.5463764667510986,737.6814575195312,712.895751953125,0.154296875,0.07968749850988388,0.47099611163139343,0.04096679762005806,0.7751847948216702,0.07965712249279022,461,gpu1_cd,SFTmD_S0_lr3em05,SFT-D,11,3e-05,S0,BLENDER_FOREST010_00004,True,1.0,1.5,0.75,0.15,0.02,True
0.07890921086072922,0.67,0.18283358216285706,722.93212890625,698.65283203125,0.08872070163488388,0.085693359375,0.02045898512005806,0.04550781473517418,0.8209509258474036,0.06532803177833557,461,gpu1_cd,SFTmD_S0_lr3em05,SFT-D,12,3e-05,S0,BLENDER_FOREST013_00008,True,1.0,1.5,0.75,0.15,0.02,True
0.18232253193855286,0.23,0.12296292930841446,704.854248046875,669.1990966796875,0.05649414286017418,0.04404297098517418,0.02802734449505806,0.02294921875,0.8864539315321907,0.1162109375,461,gpu1_cd,SFTmD_S0_lr3em05,SFT-D,13,3e-05,S0,BLENDER_FOREST015_00001,True,1.0,1.5,0.75,0.15,0.02,True
0.19199113547801971,0.37,0.18718133866786957,703.334716796875,671.3574829101562,0.06357421725988388,0.03061523474752903,0.116455078125,0.015869140625,1.1376449325339146,0.0849609375,461,gpu1_cd,SFTmD_S0_lr3em05,SFT-D,14,3e-05,S0,BLENDER_FOREST016_00001,True,1.0,1.5,0.75,0.15,0.02,True
0.06520494073629379,0.51,0.075666643679142,664.9127807617188,631.0360107421875,0.00815429724752903,0.009765625,0.05644531175494194,0.00537109375,0.7753819116278731,0.09716796875,461,gpu1_cd,SFTmD_S0_lr3em05,SFT-D,15,3e-05,S0,BLENDER_FOREST017_00001,True,1.0,1.5,0.75,0.15,0.02,True
0.06113035976886749,0.67,0.05462145805358887,656.373046875,632.6035766601562,0.0205078125,0.0166015625,0.0030761719681322575,0.0087890625,0.5844894909015614,0.0301513671875,461,gpu1_cd,SFTmD_S0_lr3em05,SFT-D,16,3e-05,S0,BLENDER_FOREST018_00001,True,1.0,1.5,0.75,0.15,0.02,True
0.1454790085554123,0.23,0.13951075077056885,670.8458862304688,608.9682006835938,0.014892578125,0.016357421875,0.13276366889476776,0.0087890625,1.2728781245305791,0.1162109375,461,gpu1_cd,SFTmD_S0_lr3em05,SFT-D,17,3e-05,S0,BLENDER_FOREST019_00001,True,1.0,1.5,0.75,0.15,0.02,True
0.10867438465356827,0.37,0.1755177229642868,702.2578735351562,670.844970703125,0.06708984822034836,0.08544921875,0.03818359598517418,0.04633789137005806,0.5170448920932958,0.04150390625,461,gpu1_cd,SFTmD_S0_lr3em05,SFT-D,18,3e-05,S0,BLENDER_FOREST021_00002,True,1.0,1.5,0.75,0.15,0.02,True
0.10262182354927063,0.51,0.05984988436102867,692.4315795898438,666.4589233398438,0.013085938058793545,0.02353515662252903,0.01206054724752903,0.013671875,0.8126021063114158,0.06494140625,461,gpu1_cd,SFTmD_S0_lr3em05,SFT-D,19,3e-05,S0,BLENDER_FOREST022_00001,True,1.0,1.5,0.75,0.15,0.02,True
0.05857089161872864,0.67,0.20186319947242737,744.7822875976562,741.330322265625,0.08554687350988388,0.116943359375,0.011279297061264515,0.06357421725988388,0.4561329029240262,0.06088925153017044,461,gpu1_cd,SFTmD_S0_lr3em05,SFT-D,20,3e-05,S0,BLENDER_FOREST023_00001,True,1.0,1.5,0.75,0.15,0.02,True
0.1880033314228058,0.23,0.2548486888408661,741.7068481445312,692.9568481445312,0.1826171875,0.07148437947034836,0.0031250000465661287,0.03632812574505806,0.7835777501545226,0.10791015625,461,gpu1_cd,SFTmD_S0_lr3em05,SFT-D,21,3e-05,S0,BLENDER_FOREST024_00001,True,1.0,1.5,0.75,0.15,0.02,True
0.1439807265996933,0.37,0.1399097442626953,767.083251953125,749.4401245117188,0.03076171875,0.0625,0.06425781548023224,0.03173828125,1.4801179771300947,0.1533203125,461,gpu1_cd,SFTmD_S0_lr3em05,SFT-D,22,3e-05,S0,BLENDER_FOREST025_00001,True,1.0,1.5,0.75,0.15,0.02,True
0.06776417046785355,0.51,0.05131492763757706,691.6744995117188,679.876953125,0.00815429724752903,0.02163085900247097,0.0064453124068677425,0.013916015625,0.9436389726141712,0.07958984375,461,gpu1_cd,SFTmD_S0_lr3em05,SFT-D,23,3e-05,S0,BLENDER_FOREST026_00020,True,1.0,1.5,0.75,0.15,0.02,True
0.03542129322886467,0.67,0.06782839447259903,726.7811279296875,710.945556640625,0.00927734375,0.03461914137005806,0.0030761719681322575,0.02534179762005806,0.5576654712430732,0.046142578125,461,gpu1_cd,SFTmD_S0_lr3em05,SFT-D,24,3e-05,S0,BLENDER_FOREST028_00001,True,1.0,1.5,0.75,0.15,0.02,True
0.21012961864471436,0.23,0.09684188663959503,743.918212890625,719.4280395507812,0.036376953125,0.04135742411017418,0.01787109486758709,0.02163085900247097,1.2441280985658234,0.059112004935741425,461,gpu1_cd,SFTmD_S0_lr3em05,SFT-D,25,3e-05,S0,BLENDER_FOREST029_00001,True,1.0,1.5,0.75,0.15,0.02,True
0.11096809059381485,0.37,0.516398549079895,784.2925415039062,772.6671142578125,0.34038087725639343,0.13911132514476776,0.10986328125,0.06728515774011612,0.5291547154447257,0.028551911935210228,461,gpu1_cd,SFTmD_S0_lr3em05,SFT-D,26,3e-05,S0,BLENDER_FOREST030_00001,True,1.0,1.5,0.75,0.15,0.02,True
0.12580478191375732,0.51,0.13192997872829437,691.8709716796875,680.828857421875,0.04399413987994194,0.04990234598517418,0.04951171949505806,0.02695312537252903,1.345054485891068,0.08770917356014252,461,gpu1_cd,SFTmD_S0_lr3em05,SFT-D,27,3e-05,S0,BLENDER_FOREST034_00001,True,1.0,1.5,0.75,0.15,0.02,True
0.03490987420082092,0.67,0.04126432165503502,668.61767578125,662.1524658203125,0.0038574219215661287,0.01450195349752903,0.0044921874068677425,0.010644531808793545,0.7006322802920649,0.051513671875,461,gpu1_cd,SFTmD_S0_lr3em05,SFT-D,28,3e-05,S0,BLENDER_FOREST049_00001,True,1.0,1.5,0.75,0.15,0.02,True
0.09709545969963074,0.23,0.029445648193359375,768.9067993164062,739.84716796875,0.001708984375,0.006103515625,0.002197265625,0.00439453125,1.2065675847493336,0.05068526417016983,461,gpu1_cd,SFTmD_S0_lr3em05,SFT-D,29,3e-05,S0,BLENDER_GRASS001_00001,True,1.0,1.5,0.75,0.15,0.02,True
0.07454868406057358,0.37,0.2458590269088745,744.9309692382812,744.474853515625,0.11728515475988388,0.049072265625,0.11044921725988388,0.02568359486758709,0.3891590839539901,0.0274658203125,461,gpu1_cd,SFTmD_S0_lr3em05,SFT-D,30,3e-05,S0,BLENDER_GRASS002_00001,True,1.0,1.5,0.75,0.15,0.02,True
0.7434062957763672,0.23,0.36709001660346985,799.81640625,833.7598876953125,0.12045898288488388,0.07973632961511612,0.25458985567092896,0.04160156473517418,12.988369226484153,1.375,461,gpu1_cd,SFTmD_S0_lr0.0001,SFT-D,1,0.0001,S0,BLENDER_BEACH030_00003,True,1.0,1.5,0.75,0.15,0.02,True
0.17800071835517883,0.37,0.08867459744215012,863.2672729492188,773.25146484375,0.03896484524011612,0.03666992112994194,0.0042480467818677425,0.01933593861758709,1.9765701510248488,0.1640625,461,gpu1_cd,SFTmD_S0_lr0.0001,SFT-D,2,0.0001,S0,BLENDER_BEACH036_00001,True,1.0,1.5,0.75,0.15,0.02,True
0.2560555934906006,0.51,0.16804568469524384,718.580322265625,632.9352416992188,0.09995117038488388,0.06069336086511612,0.01860351674258709,0.03188476711511612,6.774406352662197,0.43359375,461,gpu1_cd,SFTmD_S0_lr0.0001,SFT-D,3,0.0001,S0,BLENDER_BEDROOM009_00083,True,1.0,1.5,0.75,0.15,0.02,True
0.24177353084087372,0.67,0.14321909844875336,808.5224609375,761.1737060546875,0.041259765625,0.04018554836511612,0.07646484673023224,0.02143554762005806,1.5415651371881625,0.18359375,461,gpu1_cd,SFTmD_S0_lr0.0001,SFT-D,4,0.0001,S0,BLENDER_CARTOON002_00001,True,1.0,1.5,0.75,0.15,0.02,True
0.3082648813724518,0.23,0.13878028094768524,681.327392578125,560.723876953125,0.03110351599752903,0.080322265625,0.04638671875,0.05117187649011612,1.8643711510653134,0.09716796875,461,gpu1_cd,SFTmD_S0_lr0.0001,SFT-D,5,0.0001,S0,BLENDER_DESERT004_00001,True,1.0,1.5,0.75,0.15,0.02,True
0.20335416495800018,0.37,0.029368996620178223,871.3304443359375,804.8495483398438,0.0023925781715661287,0.006884765811264515,0.0009765625,0.0044921874068677425,2.3125345844806873,0.203125,461,gpu1_cd,SFTmD_S0_lr0.0001,SFT-D,6,0.0001,S0,BLENDER_DESERT005_00006,True,1.0,1.5,0.75,0.15,0.02,True
0.16721481084823608,0.51,0.10798478126525879,700.9476318359375,724.2800903320312,0.0146484375,0.01958007924258709,0.08598633110523224,0.010986328125,1.6902464946050448,0.236328125,461,gpu1_cd,SFTmD_S0_lr0.0001,SFT-D,7,0.0001,S0,BLENDER_FOREST006_00001,True,1.0,1.5,0.75,0.15,0.02,True
0.16415831446647644,0.67,0.41863176226615906,680.4530029296875,662.951904296875,0.2916503846645355,0.07998047024011612,0.093017578125,0.04038086161017418,1.644585591544351,0.125,461,gpu1_cd,SFTmD_S0_lr0.0001,SFT-D,8,0.0001,S0,BLENDER_FOREST007_00001,True,1.0,1.5,0.75,0.15,0.02,True
0.3690902888774872,0.23,0.2468208521604538,727.412109375,560.8524780273438,0.05375976487994194,0.03696289286017418,0.209228515625,0.01953125,2.2805068819037295,0.427734375,461,gpu1_cd,SFTmD_S0_lr0.0001,SFT-D,9,0.0001,S0,BLENDER_FOREST008_00001,True,1.0,1.5,0.75,0.15,0.02,True
0.19599846005439758,0.37,0.06020193174481392,764.0574951171875,681.0795288085938,0.01699218712747097,0.02280273474752903,0.009423828683793545,0.012744140811264515,1.6416627724744222,0.26171875,461,gpu1_cd,SFTmD_S0_lr0.0001,SFT-D,10,0.0001,S0,BLENDER_FOREST009_00013,True,1.0,1.5,0.75,0.15,0.02,True
0.15620359778404236,0.51,0.5463764667510986,737.6814575195312,731.041015625,0.154296875,0.07968749850988388,0.47099611163139343,0.04096679762005806,1.6780384378310749,0.10888671875,461,gpu1_cd,SFTmD_S0_lr0.0001,SFT-D,11,0.0001,S0,BLENDER_FOREST010_00004,True,1.0,1.5,0.75,0.15,0.02,True
0.13625815510749817,0.67,0.18283358216285706,722.93212890625,689.0809936523438,0.08872070163488388,0.085693359375,0.02045898512005806,0.04550781473517418,1.9400519350382597,0.1796875,461,gpu1_cd,SFTmD_S0_lr0.0001,SFT-D,12,0.0001,S0,BLENDER_FOREST013_00008,True,1.0,1.5,0.75,0.15,0.02,True
0.29853570461273193,0.23,0.12296292930841446,704.854248046875,661.1558837890625,0.05649414286017418,0.04404297098517418,0.02802734449505806,0.02294921875,1.8474678038950874,0.1484375,461,gpu1_cd,SFTmD_S0_lr0.0001,SFT-D,13,0.0001,S0,BLENDER_FOREST015_00001,True,1.0,1.5,0.75,0.15,0.02,True
0.23008038103580475,0.37,0.18718133866786957,703.334716796875,696.1038208007812,0.06357421725988388,0.03061523474752903,0.116455078125,0.015869140625,1.573249061191401,0.1318359375,461,gpu1_cd,SFTmD_S0_lr0.0001,SFT-D,14,0.0001,S0,BLENDER_FOREST016_00001,True,1.0,1.5,0.75,0.15,0.02,True
0.12920409440994263,0.51,0.075666643679142,664.9127807617188,634.1787719726562,0.00815429724752903,0.009765625,0.05644531175494194,0.00537109375,0.6212687034140291,0.037109375,461,gpu1_cd,SFTmD_S0_lr0.0001,SFT-D,15,0.0001,S0,BLENDER_FOREST017_00001,True,1.0,1.5,0.75,0.15,0.02,True
0.09939476102590561,0.67,0.05462145805358887,656.373046875,627.7073974609375,0.0205078125,0.0166015625,0.0030761719681322575,0.0087890625,0.6187332756227093,0.052734375,461,gpu1_cd,SFTmD_S0_lr0.0001,SFT-D,16,0.0001,S0,BLENDER_FOREST018_00001,True,1.0,1.5,0.75,0.15,0.02,True
0.3179154396057129,0.23,0.13951075077056885,670.8458862304688,604.2645874023438,0.014892578125,0.016357421875,0.13276366889476776,0.0087890625,2.4004928493758158,0.232421875,461,gpu1_cd,SFTmD_S0_lr0.0001,SFT-D,17,0.0001,S0,BLENDER_FOREST019_00001,True,1.0,1.5,0.75,0.15,0.02,True
0.17436333000659943,0.37,0.1755177229642868,702.2578735351562,662.1675415039062,0.06708984822034836,0.08544921875,0.03818359598517418,0.04633789137005806,0.948717462031889,0.07177734375,461,gpu1_cd,SFTmD_S0_lr0.0001,SFT-D,18,0.0001,S0,BLENDER_FOREST021_00002,True,1.0,1.5,0.75,0.15,0.02,True
0.1912369281053543,0.51,0.05984988436102867,692.4315795898438,616.8973999023438,0.013085938058793545,0.02353515662252903,0.01206054724752903,0.013671875,0.8746115079065766,0.12890625,461,gpu1_cd,SFTmD_S0_lr0.0001,SFT-D,19,0.0001,S0,BLENDER_FOREST022_00001,True,1.0,1.5,0.75,0.15,0.02,True
0.0971972793340683,0.67,0.20186319947242737,744.7822875976562,759.0308837890625,0.08554687350988388,0.116943359375,0.011279297061264515,0.06357421725988388,1.062295460012455,0.08251953125,461,gpu1_cd,SFTmD_S0_lr0.0001,SFT-D,20,0.0001,S0,BLENDER_FOREST023_00001,True,1.0,1.5,0.75,0.15,0.02,True
0.32678690552711487,0.23,0.2548486888408661,741.7068481445312,666.7028198242188,0.1826171875,0.07148437947034836,0.0031250000465661287,0.03632812574505806,1.7809986267830167,0.10888671875,461,gpu1_cd,SFTmD_S0_lr0.0001,SFT-D,21,0.0001,S0,BLENDER_FOREST024_00001,True,1.0,1.5,0.75,0.15,0.02,True
0.1835537552833557,0.37,0.1399097442626953,767.083251953125,741.7832641601562,0.03076171875,0.0625,0.06425781548023224,0.03173828125,1.6225923493499732,0.19274099171161652,461,gpu1_cd,SFTmD_S0_lr0.0001,SFT-D,22,0.0001,S0,BLENDER_FOREST025_00001,True,1.0,1.5,0.75,0.15,0.02,True
0.13622422516345978,0.51,0.05131492763757706,691.6744995117188,637.4099731445312,0.00815429724752903,0.02163085900247097,0.0064453124068677425,0.013916015625,0.7293359173823224,0.055908203125,461,gpu1_cd,SFTmD_S0_lr0.0001,SFT-D,23,0.0001,S0,BLENDER_FOREST026_00020,True,1.0,1.5,0.75,0.15,0.02,True
0.07957528531551361,0.67,0.06782839447259903,726.7811279296875,684.5611572265625,0.00927734375,0.03461914137005806,0.0030761719681322575,0.02534179762005806,0.7383791633587564,0.047607421875,461,gpu1_cd,SFTmD_S0_lr0.0001,SFT-D,24,0.0001,S0,BLENDER_FOREST028_00001,True,1.0,1.5,0.75,0.15,0.02,True
0.2811475098133087,0.23,0.09684188663959503,743.918212890625,718.6205444335938,0.036376953125,0.04135742411017418,0.01787109486758709,0.02163085900247097,1.269848092644309,0.13671875,461,gpu1_cd,SFTmD_S0_lr0.0001,SFT-D,25,0.0001,S0,BLENDER_FOREST029_00001,True,1.0,1.5,0.75,0.15,0.02,True
0.15422716736793518,0.37,0.516398549079895,784.2925415039062,797.5548095703125,0.34038087725639343,0.13911132514476776,0.10986328125,0.06728515774011612,1.5161657736019505,0.255859375,461,gpu1_cd,SFTmD_S0_lr0.0001,SFT-D,26,0.0001,S0,BLENDER_FOREST030_00001,True,1.0,1.5,0.75,0.15,0.02,True
0.14414706826210022,0.51,0.13192997872829437,691.8709716796875,643.5283813476562,0.04399413987994194,0.04990234598517418,0.04951171949505806,0.02695312537252903,0.6467552502988417,0.08642578125,461,gpu1_cd,SFTmD_S0_lr0.0001,SFT-D,27,0.0001,S0,BLENDER_FOREST034_00001,True,1.0,1.5,0.75,0.15,0.02,True
0.09869387000799179,0.67,0.04126432165503502,668.61767578125,635.0400390625,0.0038574219215661287,0.01450195349752903,0.0044921874068677425,0.010644531808793545,0.7868069050898651,0.06982421875,461,gpu1_cd,SFTmD_S0_lr0.0001,SFT-D,28,0.0001,S0,BLENDER_FOREST049_00001,True,1.0,1.5,0.75,0.15,0.02,True
0.23620037734508514,0.23,0.029445648193359375,768.9067993164062,707.8684692382812,0.001708984375,0.006103515625,0.002197265625,0.00439453125,1.6429213518525894,0.10888671875,461,gpu1_cd,SFTmD_S0_lr0.0001,SFT-D,29,0.0001,S0,BLENDER_GRASS001_00001,True,1.0,1.5,0.75,0.15,0.02,True
0.11675020307302475,0.37,0.2458590269088745,744.9309692382812,717.9260864257812,0.11728515475988388,0.049072265625,0.11044921725988388,0.02568359486758709,0.6507831432243422,0.064453125,461,gpu1_cd,SFTmD_S0_lr0.0001,SFT-D,30,0.0001,S0,BLENDER_GRASS002_00001,True,1.0,1.5,0.75,0.15,0.02,True
0.7434062957763672,0.23,0.36709001660346985,799.81640625,833.7598876953125,0.12045898288488388,0.07973632961511612,0.25458985567092896,0.04160156473517418,12.985923268526799,1.375,461,gpu1_cd,SFTmD_S0_lr0.0003,SFT-D,1,0.0003,S0,BLENDER_BEACH030_00003,True,1.0,1.5,0.75,0.15,0.02,True
0.3639559745788574,0.37,0.08867459744215012,863.2672729492188,808.747314453125,0.03896484524011612,0.03666992112994194,0.0042480467818677425,0.01933593861758709,7.78409242454594,0.58984375,461,gpu1_cd,SFTmD_S0_lr0.0003,SFT-D,2,0.0003,S0,BLENDER_BEACH036_00001,True,1.0,1.5,0.75,0.15,0.02,True
0.5655763745307922,0.51,0.16804568469524384,718.580322265625,451.4672546386719,0.09995117038488388,0.06069336086511612,0.01860351674258709,0.03188476711511612,5.201505903329209,0.427734375,461,gpu1_cd,SFTmD_S0_lr0.0003,SFT-D,3,0.0003,S0,BLENDER_BEDROOM009_00083,True,1.0,1.5,0.75,0.15,0.02,True
0.3724953532218933,0.67,0.14321909844875336,808.5224609375,698.4298706054688,0.041259765625,0.04018554836511612,0.07646484673023224,0.02143554762005806,2.6189053403497065,0.3125,461,gpu1_cd,SFTmD_S0_lr0.0003,SFT-D,4,0.0003,S0,BLENDER_CARTOON002_00001,True,1.0,1.5,0.75,0.15,0.02,True
1.1316362619400024,0.23,0.13878028094768524,681.327392578125,582.1661987304688,0.03110351599752903,0.080322265625,0.04638671875,0.05117187649011612,9.690655255543396,0.64453125,461,gpu1_cd,SFTmD_S0_lr0.0003,SFT-D,5,0.0003,S0,BLENDER_DESERT004_00001,True,1.0,1.5,0.75,0.15,0.02,True
0.770541250705719,0.37,0.029368996620178223,871.3304443359375,726.2320556640625,0.0023925781715661287,0.006884765811264515,0.0009765625,0.0044921874068677425,5.825613311184389,0.455078125,461,gpu1_cd,SFTmD_S0_lr0.0003,SFT-D,6,0.0003,S0,BLENDER_DESERT005_00006,True,1.0,1.5,0.75,0.15,0.02,True
1.2928003072738647,0.51,0.10798478126525879,700.9476318359375,1042.6121826171875,0.0146484375,0.01958007924258709,0.08598633110523224,0.010986328125,14.478214967932328,1.0266029834747314,461,gpu1_cd,SFTmD_S0_lr0.0003,SFT-D,7,0.0003,S0,BLENDER_FOREST006_00001,True,1.0,1.5,0.75,0.15,0.02,True
1.4417463541030884,0.67,0.41863176226615906,680.4530029296875,652.7727661132812,0.2916503846645355,0.07998047024011612,0.093017578125,0.04038086161017418,18.31261065651111,0.8671875,461,gpu1_cd,SFTmD_S0_lr0.0003,SFT-D,8,0.0003,S0,BLENDER_FOREST007_00001,True,1.0,1.5,0.75,0.15,0.02,True
1.5999923944473267,0.23,0.2468208521604538,727.412109375,56.043277740478516,0.05375976487994194,0.03696289286017418,0.209228515625,0.01953125,2.844810753260619,0.71484375,461,gpu1_cd,SFTmD_S0_lr0.0003,SFT-D,9,0.0003,S0,BLENDER_FOREST008_00001,True,1.0,1.5,0.75,0.15,0.02,True
1.7464224100112915,0.37,0.06020193174481392,764.0574951171875,77.22594451904297,0.01699218712747097,0.02280273474752903,0.009423828683793545,0.012744140811264515,4.294155315487566,1.046875,461,gpu1_cd,SFTmD_S0_lr0.0003,SFT-D,10,0.0003,S0,BLENDER_FOREST009_00013,True,1.0,1.5,0.75,0.15,0.02,True
1.6403007507324219,0.51,0.5463764667510986,737.6814575195312,71.28995513916016,0.154296875,0.07968749850988388,0.47099611163139343,0.04096679762005806,1.800924557964366,0.478515625,461,gpu1_cd,SFTmD_S0_lr0.0003,SFT-D,11,0.0003,S0,BLENDER_FOREST010_00004,True,1.0,1.5,0.75,0.15,0.02,True
1.575527548789978,0.67,0.18283358216285706,722.93212890625,109.69916534423828,0.08872070163488388,0.085693359375,0.02045898512005806,0.04550781473517418,2.224518940229907,0.53515625,461,gpu1_cd,SFTmD_S0_lr0.0003,SFT-D,12,0.0003,S0,BLENDER_FOREST013_00008,True,1.0,1.5,0.75,0.15,0.02,True
1.39081609249115,0.23,0.12296292930841446,704.854248046875,111.28705596923828,0.05649414286017418,0.04404297098517418,0.02802734449505806,0.02294921875,1.746525570625673,0.34765625,461,gpu1_cd,SFTmD_S0_lr0.0003,SFT-D,13,0.0003,S0,BLENDER_FOREST015_00001,True,1.0,1.5,0.75,0.15,0.02,True
1.4537770748138428,0.37,0.18718133866786957,703.334716796875,101.08911895751953,0.06357421725988388,0.03061523474752903,0.116455078125,0.015869140625,3.025969799812299,0.796875,461,gpu1_cd,SFTmD_S0_lr0.0003,SFT-D,14,0.0003,S0,BLENDER_FOREST016_00001,True,1.0,1.5,0.75,0.15,0.02,True
1.294001579284668,0.51,0.075666643679142,664.9127807617188,120.45634460449219,0.00815429724752903,0.009765625,0.05644531175494194,0.00537109375,0.9130421469894983,0.1943359375,461,gpu1_cd,SFTmD_S0_lr0.0003,SFT-D,15,0.0003,S0,BLENDER_FOREST017_00001,True,1.0,1.5,0.75,0.15,0.02,True
2.514686346054077,0.67,0.05462145805358887,656.373046875,725.9137573242188,0.0205078125,0.0166015625,0.0030761719681322575,0.0087890625,15.30454992177291,0.71484375,461,gpu1_cd,SFTmD_S0_lr0.0003,SFT-D,16,0.0003,S0,BLENDER_FOREST018_00001,True,1.0,1.5,0.75,0.15,0.02,True
1.0820218324661255,0.23,0.13951075077056885,670.8458862304688,192.2599639892578,0.014892578125,0.016357421875,0.13276366889476776,0.0087890625,2.4987868612168316,0.27734375,461,gpu1_cd,SFTmD_S0_lr0.0003,SFT-D,17,0.0003,S0,BLENDER_FOREST019_00001,True,1.0,1.5,0.75,0.15,0.02,True
1.443510890007019,0.37,0.1755177229642868,702.2578735351562,228.8215789794922,0.06708984822034836,0.08544921875,0.03818359598517418,0.04633789137005806,2.1316615609013656,0.470703125,461,gpu1_cd,SFTmD_S0_lr0.0003,SFT-D,18,0.0003,S0,BLENDER_FOREST021_00002,True,1.0,1.5,0.75,0.15,0.02,True
1.6658273935317993,0.51,0.05984988436102867,692.4315795898438,528.08935546875,0.013085938058793545,0.02353515662252903,0.01206054724752903,0.013671875,12.983949953656936,2.0,461,gpu1_cd,SFTmD_S0_lr0.0003,SFT-D,19,0.0003,S0,BLENDER_FOREST022_00001,True,1.0,1.5,0.75,0.15,0.02,True
1.2490465641021729,0.67,0.20186319947242737,744.7822875976562,502.5566101074219,0.08554687350988388,0.116943359375,0.011279297061264515,0.06357421725988388,4.83982825843736,0.84765625,461,gpu1_cd,SFTmD_S0_lr0.0003,SFT-D,20,0.0003,S0,BLENDER_FOREST023_00001,True,1.0,1.5,0.75,0.15,0.02,True
1.5988490581512451,0.23,0.2548486888408661,741.7068481445312,316.5060729980469,0.1826171875,0.07148437947034836,0.0031250000465661287,0.03632812574505806,8.260378954722942,0.2829158902168274,461,gpu1_cd,SFTmD_S0_lr0.0003,SFT-D,21,0.0003,S0,BLENDER_FOREST024_00001,True,1.0,1.5,0.75,0.15,0.02,True
1.9294726848602295,0.37,0.1399097442626953,767.083251953125,261.90045166015625,0.03076171875,0.0625,0.06425781548023224,0.03173828125,2.8221115600084654,0.474609375,461,gpu1_cd,SFTmD_S0_lr0.0003,SFT-D,22,0.0003,S0,BLENDER_FOREST025_00001,True,1.0,1.5,0.75,0.15,0.02,True
1.1930056810379028,0.51,0.05131492763757706,691.6744995117188,348.94580078125,0.00815429724752903,0.02163085900247097,0.0064453124068677425,0.013916015625,2.808996146042428,0.380859375,461,gpu1_cd,SFTmD_S0_lr0.0003,SFT-D,23,0.0003,S0,BLENDER_FOREST026_00020,True,1.0,1.5,0.75,0.15,0.02,True
1.149656057357788,0.67,0.06782839447259903,726.7811279296875,286.20355224609375,0.00927734375,0.03461914137005806,0.0030761719681322575,0.02534179762005806,4.345426039579213,0.59765625,461,gpu1_cd,SFTmD_S0_lr0.0003,SFT-D,24,0.0003,S0,BLENDER_FOREST028_00001,True,1.0,1.5,0.75,0.15,0.02,True
1.427956461906433,0.23,0.09684188663959503,743.918212890625,178.94583129882812,0.036376953125,0.04135742411017418,0.01787109486758709,0.02163085900247097,2.4947960645941616,0.65234375,461,gpu1_cd,SFTmD_S0_lr0.0003,SFT-D,25,0.0003,S0,BLENDER_FOREST029_00001,True,1.0,1.5,0.75,0.15,0.02,True
1.4156924486160278,0.37,0.516398549079895,784.2925415039062,195.97703552246094,0.34038087725639343,0.13911132514476776,0.10986328125,0.06728515774011612,4.24148461717084,0.8203125,461,gpu1_cd,SFTmD_S0_lr0.0003,SFT-D,26,0.0003,S0,BLENDER_FOREST030_00001,True,1.0,1.5,0.75,0.15,0.02,True
1.3307205438613892,0.51,0.13192997872829437,691.8709716796875,193.12921142578125,0.04399413987994194,0.04990234598517418,0.04951171949505806,0.02695312537252903,1.0047774429890644,0.275390625,461,gpu1_cd,SFTmD_S0_lr0.0003,SFT-D,27,0.0003,S0,BLENDER_FOREST034_00001,True,1.0,1.5,0.75,0.15,0.02,True
1.1839390993118286,0.67,0.04126432165503502,668.61767578125,223.33531188964844,0.0038574219215661287,0.01450195349752903,0.0044921874068677425,0.010644531808793545,1.651132636810367,0.369140625,461,gpu1_cd,SFTmD_S0_lr0.0003,SFT-D,28,0.0003,S0,BLENDER_FOREST049_00001,True,1.0,1.5,0.75,0.15,0.02,True
1.8812587261199951,0.23,0.029445648193359375,768.9067993164062,203.04019165039062,0.001708984375,0.006103515625,0.002197265625,0.00439453125,2.3634338669246793,0.4453125,461,gpu1_cd,SFTmD_S0_lr0.0003,SFT-D,29,0.0003,S0,BLENDER_GRASS001_00001,True,1.0,1.5,0.75,0.15,0.02,True
1.5579890012741089,0.37,0.2458590269088745,744.9309692382812,332.8760681152344,0.11728515475988388,0.049072265625,0.11044921725988388,0.02568359486758709,4.533556917179166,0.6796875,461,gpu1_cd,SFTmD_S0_lr0.0003,SFT-D,30,0.0003,S0,BLENDER_GRASS002_00001,True,1.0,1.5,0.75,0.15,0.02,True
